organismo,tipo,numero,anio,titulo,version_to,url_oficial,archivo,sha256,fecha_descarga,nivel_verificacion,capturado_por,observaciones
FACPCE,RT,54,2022,"Normas Contables Profesionales: Norma Unificada Argentina de Contabilidad",texto original,https://www.facpce.org.ar/wp-content/uploads/2022/07/RT54.pdf,FACPCE_RT_54_2022.pdf,8e44476a7b2ff26664f59487e7369091e8cab32f3bf60380591a471bd84feac9,2026-08-24,V1,fase-1,"Art. 2: vigencia ejercicios iniciados desde 2024-01-01; anticipada desde 2023-01-01. Art. 3: lista completa de derogaciones. Aprobada en Corrientes 2022-07-01"
FACPCE,RT,56,2023,"Modificaciones a la RT 54. Norma Unificada Argentina de Contabilidad",T.O. de RT 54,https://www.facpce.org.ar/wp-content/uploads/2023/07/Resolucion-Tecnica-N-56.pdf,FACPCE_RT_56_2023.pdf,6ec256b0ba7236fa689b2c0ab80ce52fa0abded779d786a439d1db3ad21e9d56,2026-08-24,V1,fase-1,"Aprobada 2023-06-30. Incorpora Titulo Segundo, Tercero y Apendice A (normas de transicion)"
FACPCE,RT,59,2024,"NUA. Aclaraciones previas a la implementacion de la RT 54",T.O. de RT 54 (T.O. RT 56),https://www.facpce.org.ar/wp-content/uploads/2024/07/Resolucion-Tecnica-N%C2%B0-59-TO-RT-54-NUA.pdf,FACPCE_RT_59_2024_TO_RT_54_NUA.pdf,9e3564a99bb8ad0fa637abe356c6da03036540fdf7fbf755ca20beba9955c089,2026-08-24,V1,fase-1,"Aprobada 2024-06-28. Art. 2 reemplaza indice y segunda parte. Art. 4 sustituye punto 7 de la RT 26 (transicion desde NIIF via Apendice A)"
FACPCE,RT,62,2025,"Capitulo 12: Estados contables de entidades cooperativas. Cuestiones especificas",modificatoria de RT 54,https://www.facpce.org.ar/wp-content/uploads/2025/12/RT-62-Capiitulo_12_NUA_Cooperativas-1.pdf,FACPCE_RT_62_2025_cap12_cooperativas.pdf,0948e75b047586bc80a49d830731354e0925fb8b4dc97f49412ae6124a2a8b8d,2026-08-24,V1,fase-1,"Incorpora requerimientos de la RT 24 al nuevo Capitulo 12"
FACPCE,RES_JG,660,2026,"Dispensa transitoria para la primera aplicacion de la RT 54",,https://www.facpce.org.ar/wp-content/uploads/2026/03/Resolucion-JG-N-660-26-Dispensa-transitoria.pdf,FACPCE_RES_JG_660_2026_dispensa_transitoria.pdf,b1249569fce5a10d930457087bdc75e4e73aff46f3fd1d1738ec4f5277bee7d9,2026-08-24,V1,fase-1,"Aprobada 2026-03-27. No posterga la vigencia de la RT 54. Exige revelacion en nota"
FACPCE,PARAMETRO,,2025,"Montos de los ingresos incluidos en el alcance de la RT 54. Actualizacion 2025-11",,https://www.facpce.org.ar/wp-content/uploads/2025/12/Indice-y-actualizacion-ingresos-RT54-2025-11.pdf,FACPCE_RT_54_ingresos_actualizacion_2025-11.pdf,abee5cb9b559dae94b8273c2df4978b0b01503c3ed273076bc63ef4c05c1253b,2026-08-24,V1,fase-1,"Parametro versionado: define categoria de ente. Se actualiza periodicamente"
FACPCE,PROYECTO,52,2024,"Aclaraciones previas a la implementacion de la RT 54 (T.O. RT 56)",,https://www.facpce.org.ar/wp-content/uploads/2024/03/P-N52-RT-Aclaraciones-previas-RT-54-TO-RT-56-cc.pdf,FACPCE_P52_aclaraciones_RT_54_TO_RT_56.pdf,a55b5132d3a98f90280f099e45a5e824441bbf0e54fa8431cdc6715d00533f12,2026-08-24,V1,fase-1,"Jerarquia P4: material oficial explicativo. Antecedente de la RT 59"
CPCE_CABA,PUBLICACION,,2024,"Resolucion Tecnica N 54 (T.O.) publicada por el CPCECABA",,https://www.consejo.org.ar/storage/attachments/RT%2054%20-(TO).pdf-5Y0IC9D53o.pdf,CPCECABA_RT_54_TO.pdf,8749149836e5d9b28c3cec500a2fec83f5f29deecd898d45df94e2a74190e909,2026-08-24,V1,fase-1,"Version del consejo de la jurisdiccion CABA"
CPCE_CABA,GUIA,,2025,"Guia de preguntas y respuestas sobre la RT 54 (T.O. RT 59 y modificatorias)",,https://www.consejo.org.ar/storage/attachments/GUIA%20DE%20PREGUNTAS%20Y%20RESPUESTAS.pdf-Er92AK1Btg.pdf,CPCECABA_guia_preguntas_respuestas_RT_54.pdf,b0f1969436243455fd4c9ee243e32f3859b3222f7108a80677958a0c0c0fe4ea,2026-08-24,V1,fase-1,"Jerarquia P4. Vigencia CABA: ejercicios iniciados desde 2025-01-01; anticipada para ejercicios finalizados desde 2024-09-30"
ARCA,RG,5616,2024,"Procedimiento. Regimenes de emision de comprobantes. Modificatoria de RG 1415, 3561, 4291 y 5198",,https://servicios.infoleg.gob.ar/infolegInternet/anexos/405000-409999/407369/norma.htm,INFOLEG_ARCA_RG_5616_2024.htm,8124ad53bce9e3633e5a10533b4e099d2d67a3a925fd755779009848f8263676,2026-08-24,V1,fase-1,"Emitida 2024-12-17, publicada 2024-12-18. Art. 5: vigencia el dia de publicacion; nueva version de WebService de uso obligatorio desde 2025-04-15. RESUELVE C-01"
ARCA,RG,5707,2025,"Procedimiento. Portal IVA. Registracion electronica. Libro de IVA Digital. IVA Simplificado. Modificatoria de RG 4597",,https://servicios.infoleg.gob.ar/infolegInternet/anexos/410000-414999/413495/norma.htm,INFOLEG_ARCA_RG_5707_2025.htm,dc1c677c4b87dd633093695d4d66b5527379a02065b842d97a9be6892491749e,2026-08-24,V1,fase-1,"Emitida 2025-05-30, publicada 2025-06-02. Art. 2: vigencia 2025-12-01, salvo derogacion del Titulo II desde 2025-07-01. Art. 12 sustituido: presentacion dentro de los 15 dias corridos del mes siguiente; novedad SIN MOVIMIENTO; secuencialidad obligatoria"
AFIP,RG,4597,2019,"Libro de IVA Digital. Regimen de registracion electronica de operaciones",texto actualizado,https://servicios.infoleg.gob.ar/infolegInternet/anexos/325000-329999/329339/texact.htm,INFOLEG_AFIP_RG_4597_2019_texto_actualizado.htm,7bc8cb3a6da48d293bd410c5c2cfabdf988c56b11e5256470eb706b3c9bcc5ee,2026-08-24,V1,fase-1,"Norma base del Libro de IVA Digital. Desbloquea FASE 8"
ARCA,RG,5866,2026,"Procedimiento. Regimen de emision de comprobantes. Modifica RG 1415 y 4291. Deroga RG 2668, 2719 y 5824",,https://servicios.infoleg.gob.ar/infolegInternet/anexos/425000-429999/427092/norma.htm,INFOLEG_ARCA_RG_5866_2026.htm,ffd2a5759e22b5e79e44cfdd7a35fb8c4fd4c8f9a8cd71ba4a1bf9a1ad0a0307,2026-08-24,V1,fase-1,"Publicada 2026-06-29. Vigencia 2026-07-01 con excepciones desde 2026-10-01. Cronograma escalonado de nuevos obligados hasta 2027-03-01. Explica el hito de septiembre 2026 de C-01"
IGJ,RG,15,2024,"Normas de la Inspeccion General de Justicia",texto actualizado,https://servicios.infoleg.gob.ar/infolegInternet/anexos/400000-404999/401548/texact.htm,INFOLEG_IGJ_RG_15_2024_texto_actualizado.htm,3fb004ecdd741b5611d08b0dbe1fff06c117874c2265d4e0f30cbc916d25c1aa,2026-08-24,V1,fase-1,"Cuerpo normativo base (Anexo A). Modificado por RG 9/2026"
IGJ,RG,9,2026,"Reforma del regimen de presentacion de estados contables",,https://servicios.infoleg.gob.ar/infolegInternet/anexos/425000-429999/427313/norma.htm,INFOLEG_IGJ_RG_9_2026.htm,6878b4a3781d037f30adc5c9000b8833132d7380e9d6bb3d0a6ec0e8ecfa4796,2026-08-24,V1,fase-1,"Emitida 2026-07-01, publicada 2026-07-02. 12 articulos. Art. 11: vigencia dia siguiente a publicacion. Art. 226 sustituido remite a las RT adoptadas por el CPCECABA. CONFIRMA C-02"
CONGRESO,LEY,19550,1984,"Ley General de Sociedades",T.O. 1984 texto actualizado,https://servicios.infoleg.gob.ar/infolegInternet/anexos/25000-29999/25553/texact.htm,INFOLEG_LGS_19550_texto_actualizado.htm,2ee0891cdd8a0476f03811a15d8f63832fbab7d057070cd140280227752beeb0,2026-08-24,V1,fase-1,"Seccion IX De la documentacion y de la contabilidad, arts. 61 y ss. Art. 299 sociedades bajo fiscalizacion permanente"
CONGRESO,LEY,26994,2014,"Codigo Civil y Comercial de la Nacion",edicion oficial SAIJ,https://www.saij.gob.ar/docs-f/ediciones/libros/Codigo_Civil_y_Comercial_de_la_Nacion.pdf,SAIJ_CCyC_Ley_26994.pdf,f291da661ac08a61fcf06e6e63354329741f4e6a8a43212a4541c220af1200a0,2026-08-24,V1,fase-1,"Seccion 7a Contabilidad y estados contables, arts. 320 al 331, pag. 65. Confirmados titulos de arts. 320 a 330"
ARCA,MANUAL,,2026,"Manual para el desarrollador wsfev1 v4.6",,https://www.afip.gob.ar/ws/documentacion/manuales/manual-desarrollador-ARCA-COMPG.pdf,ARCA_manual_desarrollador_wsfev1_v4.6.pdf,809a68756c06a5cfa011a5e6db850e402d4fb33156ad0cb0029259a358d5305f,2026-08-24,V1,fase-1,"Jerarquia P4. Respaldo tecnico de la RG 4291"
ARCA,MANUAL,,2026,"Manual para el desarrollador wscdcv1 v4 - Constatacion de comprobantes",,https://www.afip.gob.ar/ws/WSCDCV1/WSCDC-manual-desarrollador-v4.pdf,ARCA_manual_desarrollador_wscdcv1_v4.pdf,afdc68b89ee32b92574b95fba15d3328f5a7b203639d8c5f016136d256bc55b8,2026-08-24,V1,fase-1,"Jerarquia P4. Nucleo del modulo de validacion fiscal"
ARCA,MANUAL,,2026,"Manual ws_sr_padron_a13 v1.4",,https://www.afip.gob.ar/ws/ws-padron-a13/manual-ws-sr-padron-a13-v1.4.pdf,ARCA_manual_ws_sr_padron_a13_v1.4.pdf,3fe47fe8668d2fcb1e38f6ff9b277c6c3cd4060e210b6025065e126c65a2e4c4,2026-08-24,V1,fase-1,"Jerarquia P4"
ARCA,MANUAL,,2026,"Manual ws_sr_padron_a100 v2.1 - Parametros y tablas del sistema",,https://www.afip.gob.ar/ws/ws_sr_padron_a100/manual_ws_sr_padron_a100_v2.1.pdf,ARCA_manual_ws_sr_padron_a100_v2.1.pdf,c61fbce7eed059997a125d201e32955e244cfa3a9e65ef817a720dbfbb7661ac,2026-08-24,V1,fase-1,"Jerarquia P4. Sincronizacion de catalogos"
CONGRESO,LEY,23349,1997,"Ley de Impuesto al Valor Agregado, texto ordenado en 1997","T.O. 1997 por Decreto 280/97 - texto actualizado",https://servicios.infoleg.gob.ar/infolegInternet/anexos/40000-44999/42701/texact.htm,INFOLEG_LEY_IVA_23349_TO_1997_texto_actualizado.htm,180b1380c820cbabc572b707b540e9299e074423fcad4f69b920b06167eb3244,2026-08-26,V1,destrabe-fuentes,"Art. 28: alicuota general 21%; 27% para gas, energia electrica y aguas por medidor fuera de vivienda; 50% de la general para los bienes y servicios que enumera. Desbloquea las alicuotas y el credito fiscal de FASE 8. ATENCION: es TEXTO ACTUALIZADO, los antecedentes normativos NO estan transcriptos: la unica ventana historica que el documento permite afirmar es la del Decreto 2312/2002 (19% entre 2002-11-18 y 2003-01-17), transcripta en Nota Infoleg del propio art. 28"
PEN,DECRETO,280,1997,"Impuesto al Valor Agregado. Texto ordenado 1997 - Aprobacion","ficha oficial de InfoLeg",https://servicios.infoleg.gob.ar/infolegInternet/verNorma.do?id=42701,INFOLEG_PEN_DECRETO_280_1997_ficha.htm,8a5a4e26ecaf2254957d601bd4fb70c0da3671205866a9d2b1c3f6703c9cc324,2026-08-26,V1,destrabe-fuentes,"Ficha oficial, no texto. Es el documento del que surge la fecha de PUBLICACION del T.O. de IVA: B.O. 15-abr-1997, numero 28626, pagina 5. La fecha de emision (26-mar-1997) coincide con el encabezado del texto archivado"
PEN,DECRETO,841,1984,"Sociedades Comerciales. Ley 19.550 - Texto ordenado","ficha oficial de InfoLeg",https://servicios.infoleg.gob.ar/infolegInternet/verNorma.do?id=78064,INFOLEG_PEN_DECRETO_841_1984_ficha.htm,8221c43d4f282c4adb3369eafc7b2e122878f233ea257a397ed1626477a7c7b0,2026-08-26,V1,destrabe-fuentes,"Ficha oficial, no texto. Es el documento del que surge la fecha de EMISION del T.O. de la Ley 19.550: 20-mar-1984, publicado 30-mar-1984 numero 25397 pagina 2. El texto actualizado de la 19.550 solo trae la fecha de publicacion; esta ficha es lo que destraba statement_templates. Observaciones del propio InfoLeg: fe de erratas en B.O. del 10/4/1984 y del 16/7/1984"
CPCE_CABA,RES_P,460,2024,"Aprobacion de la RT 59 FACPCE y declaracion de norma profesional obligatoria en CABA",,https://www.consejo.org.ar/storage/attachments/P.460-2024-RT.%20Nro.%2059.pdf-9Qdk6edKy1.pdf,CPCECABA_RES_P_460_2024_adopcion_RT_54.pdf,55be625c72098073c70df13b968b331bce11e2744ea7db555785aaa2f8e7da62,2026-08-26,V1,destrabe-fuentes,"Firmada en CABA el 11 de julio de 2024 por la Presidenta Dra. Gabriela V. Russo y la Secretaria Dra. Silvia Abeledo. Art. 5: vigencia para ejercicios INICIADOS desde 2025-01-01, sin exigir aplicacion a periodos intermedios del primer ejercicio; aplicacion anticipada admitida para ejercicios FINALIZADOS desde 2024-09-30. Es el acto de adopcion que faltaba: sin el, el motor respondia ADOPCION_NO_RELEVADA para CABA"
AFIP,RG,4892,2020,"Codigo QR en comprobantes electronicos. Complementaria de la RG 4291. Modificatoria de la RG 1702","ficha oficial de InfoLeg",https://servicios.infoleg.gob.ar/infolegInternet/verNorma.do?id=345661,INFOLEG_AFIP_RG_4892_2020_ficha.htm,6999854ee398e018b39fd206d3a15cbea57d728eac396dc71f1af6b2d0f3fa14,2026-08-26,V1,fase-qr,"Ficha, no texto. Emitida 22-dic-2020; B.O. 24-dic-2020 numero 34548 pagina 55. El texto completo NO esta archivado todavia: esta ficha solo aporta las fechas"
ARCA,MANUAL,,2026,"Especificaciones del QR incluido en las facturas electronicas",,https://www.afip.gob.ar/fe/qr/documentos/QRespecificaciones.pdf,ARCA_QR_especificaciones.pdf,a6d0f71e14f282836f07834af76a975dd885386bf972d860878d4b44278deaac,2026-08-26,V1,fase-qr,"Jerarquia P4. Define los nombres de campo del JSON del QR. Su texto usa fuentes con subset y codigos de UN byte; el primer intento de extraccion los leyo como dos y salio ilegible, lo que parecia un PDF escaneado y no lo era. Transcripto a scripts/especificacion-qr.json. El documento trae en la pagina 2 un JSON de ejemplo completo, y hay un test que lo reproduce byte por byte: es lo que verifica la transcripcion en vez de confiar en ella. ATENCION: el documento se contradice sobre la URL — su especificacion tecnica dice arca.gob.ar/fe/qr/ y su propio ejemplo usa afip.gob.ar/fe/qr/"
ARCA,MANUAL,,2026,"WSDL del servicio wsfev1 en homologacion (contrato SOAP publicado por el propio servicio)",,https://wswhomo.afip.gov.ar/wsfev1/service.asmx?WSDL,ARCA_wsfev1_homologacion.wsdl,16f5b8450c35a2cfc0187f07d6236162bb57b663954a1e1f0267e71afe90af24,2026-08-26,V1,fase-emision,"Jerarquia P4, pero es mejor fuente que el manual: es legible por maquina y lo publica el servicio mismo. El manual archivado ARCA_manual_desarrollador_wsfev1_v4.6.pdf tiene el contenido como IMAGEN y no se pudo extraer. De aca salen los nombres de campo de FECAESolicitar y FECompUltimoAutorizado, y confirma que el endpoint de homologacion responde"
AFIP,RG,1415,2003,"Regimen de emision de comprobantes, registracion de operaciones e informacion. Sustitucion de la RG 3419 (DGI). Texto unificado y ordenado","texto actualizado",https://servicios.infoleg.gob.ar/infolegInternet/anexos/80000-84999/81316/texact.htm,INFOLEG_AFIP_RG_1415_2003_texto_actualizado.htm,8da6357d985e114ac21d8c26b9ad0d00b2b273f02fd6e2132b5994d807fbd317,2026-08-26,V1,fase-emision,"Emitida 07-ene-2003, B.O. 13-ene-2003 numero 30066 pagina 1 (suplemento). Capitulo E, arts. 15 a 17: que LETRA corresponde a cada operacion segun la condicion del receptor. Es la norma que el revisor de comprobantes declaraba faltante. ATENCION: texto actualizado. El inciso a) del art. 15 lo sustituyo la RG 5003/2021 con vigencia 2021-07-01 y el art. 16 la RG 5198/2022 con vigencia 2022-06-01; los textos anteriores NO estan transcriptos"
AFIP,RG,4291,2018,"Regimen especial de emision y almacenamiento electronico de comprobantes originales. Sustitucion de la RG 2485","texto actualizado",https://servicios.infoleg.gob.ar/infolegInternet/anexos/310000-314999/313088/texact.htm,INFOLEG_AFIP_RG_4291_2018_texto_actualizado.htm,d10584259d2fd6b3a93e7f9fbc9135a742428f8918cc931c2120f8cdc8f7ddbb,2026-08-26,V1,fase-emision,"Emitida 02-08-2018, B.O. 03-08-2018 (pie: e. 03/08/2018 N 56148/18). Norma de respaldo del wsfev1 y del regimen de CAE. La RG 4892/2020 del codigo QR es complementaria de esta"
